{"cameraMode":{"drawMode":0,"name":"Shaded","section":"Shading Mode"},"sceneLighting":false,"audioPlay":false,"sceneViewState":{"m_AlwaysRefresh":false,"showFog":true,"showSkybox":false,"showFlares":true,"showImageEffects":true,"showParticleSystems":true,"showVisualEffectGraphs":true,"m_FxEnabled":true},"in2DMode":false,"pivot":{"x":-0.1477515548467636,"y":-0.016791552305221559,"z":-0.07942305505275727},"rotation":{"x":0.5757900476455689,"y":0.008408023975789547,"z":-0.00398379797115922,"w":0.8188859224319458},"size":1.243340015411377,"orthographic":true}