{"cameraMode":{"drawMode":0,"name":"Shaded","section":"Shading Mode"},"sceneLighting":false,"audioPlay":false,"sceneViewState":{"m_AlwaysRefresh":false,"showFog":true,"showSkybox":false,"showFlares":true,"showImageEffects":true,"showParticleSystems":true,"showVisualEffectGraphs":true,"m_FxEnabled":true},"in2DMode":false,"pivot":{"x":0.005863964557647705,"y":0.020000003278255464,"z":-0.03380496799945831},"rotation":{"x":0.44796451926231387,"y":-0.09197147935628891,"z":0.04807727038860321,"w":0.8892372846603394},"size":0.389062762260437,"orthographic":false}